Workbook

Sheet Dashboard
A1: FAMILY SHIELD FINANCIAL — AGENT PIPELINE
A2: Live pipeline + funnel math. Numbers pull from the Pipeline tab — just keep that tab updated.
A4: RECRUITING FUNNEL | E4: CONVERSION
A5: Total recruits | C5: =COUNTIF(Pipeline!$A$3:$A$64,"<>") | E5: Reply → Call 1 | F5: =IFERROR(C7/C6,0)
A6: DMs replied (Y) | C6: =COUNTIF(Pipeline!$E$3:$E$64,"Y") | E6: Call 1 → Call 2 | F6: =IFERROR(C8/C7,0)
A7: Call 1 done | C7: =COUNTIF(Pipeline!$G$3:$G$64,"Y") | E7: Call 2 → Signed | F7: =IFERROR(C9/C8,0)
A8: Call 2 done | C8: =COUNTIF(Pipeline!$I$3:$I$64,"Y") | E8: Signed → Passed | F8: =IFERROR(C11/C9,0)
A9: Signed | C9: =COUNTIF(Pipeline!$M$3:$M$64,"Y") | E9: Passed → First Sale | F9: =IFERROR(C13/C11,0)
A10: Exam scheduled | C10: =COUNTIF(Pipeline!$N$3:$N$64,"<>") | E10: ← Find your single worst number each Sunday. Fix one lever that week.
A11: Exam passed | C11: =COUNTIF(Pipeline!$Q$3:$Q$64,"<>")
A12: Contracted | C12: =COUNTIF(Pipeline!$R$3:$R$64,"Y")
A13: First sale | C13: =COUNTIF(Pipeline!$T$3:$T$64,"<>")
A14: No-shows (total) | C14: =SUM(Pipeline!$V$3:$V$64)
A16: CURRENT STAGE DISTRIBUTION | E16: WEEKLY TARGETS (edit yellow)
A17: Funnel-Outreach | C17: =COUNTIF(Pipeline!$U$3:$U$64,"Funnel-Outreach") | E17: DMs sent / wk | F17: 200
A18: Funnel-Call1 | C18: =COUNTIF(Pipeline!$U$3:$U$64,"Funnel-Call1") | E18: Call 1s / wk | F18: 10
A19: Funnel-Call2 | C19: =COUNTIF(Pipeline!$U$3:$U$64,"Funnel-Call2") | E19: Call 2s / wk | F19: 5
A20: Funnel-Call3 | C20: =COUNTIF(Pipeline!$U$3:$U$64,"Funnel-Call3") | E20: Signed / wk | F20: 2
A21: Signed | C21: =COUNTIF(Pipeline!$U$3:$U$64,"Signed") | E21: In Hell Week | F21: 2
A22: Activation-Onboard | C22: =COUNTIF(Pipeline!$U$3:$U$64,"Activation-Onboard")
A23: Activation-Study | C23: =COUNTIF(Pipeline!$U$3:$U$64,"Activation-Study") | E23: Targets are a starting point — recalibrate after 30 days of real data.
A24: Activation-Contract | C24: =COUNTIF(Pipeline!$U$3:$U$64,"Activation-Contract")
A25: Hell Week | C25: =COUNTIF(Pipeline!$U$3:$U$64,"Hell Week")
A26: Graduated | C26: =COUNTIF(Pipeline!$U$3:$U$64,"Graduated")
A27: Lost-Declined | C27: =COUNTIF(Pipeline!$U$3:$U$64,"Lost-Declined")
A29: At ≥2 signed/week consistently → switch to cohort onboarding (start them together, shared Hell Week).

Sheet Pipeline
A1: FAMILY SHIELD FINANCIAL — RECRUIT PIPELINE
A2: Name | B2: Source | C2: State | D2: Date First Contact | E2: DM Replied | F2: Call1 Date | G2: Call1 Done | H2: Call2 Date | I2: Call2 Done | J2: Why / Problem | K2: Fit | L2: Call3 Date | M2: Signed | N2: Exam Scheduled | O2: Course Provider | P2: Fingerprints | Q2: Exam Passed | R2: Contracted | S2: Hell Week Start | T2: First Sale | U2: Stage | V2: No-Show # | W2: Notes
A3: Maria Lopez | B3: IG DM | C3: TX | D3: 2026-06-08 | E3: Y | U3: Funnel-Outreach | V3: 0 | W3: Replied to AGENT reel, qualifying
A4: Tyrone Banks | B4: IG DM | C4: GA | D4: 2026-06-09 | U4: Funnel-Outreach | V4: 0 | W4: Sent opener, no reply yet
A5: Priya Nair | B5: FB | C5: NC | D5: 2026-06-10 | E5: Y | U5: Funnel-Outreach | V5: 0 | W5: Warm, asking questions
A6: Chris Dunn | B6: Referral – Jane | C6: OH | D6: 2026-06-05 | E6: Y | F6: 2026-06-07 | G6: Y | U6: Funnel-Call1 | V6: 0 | W6: Booking Call 2
A7: Alyssa Reed | B7: IG DM | C7: AZ | D7: 2026-06-04 | E7: Y | F7: 2026-06-06 | G7: Y | U7: Funnel-Call1 | V7: 1 | W7: No-showed first C1, rebooked
A8: Marcus Hill | B8: TikTok | C8: FL | D8: 2026-05-30 | E8: Y | F8: 2026-06-02 | G8: Y | H8: 2026-06-05 | I8: Y | J8: Hates his commission cap, wants ownership | U8: Funnel-Call2 | V8: 0 | W8: Strong why, fit looks good
A9: Dana White | B9: Referral – Marcus | C9: FL | D9: 2026-05-28 | E9: Y | F9: 2026-05-31 | G9: Y | H9: 2026-06-03 | I9: Y | J9: Wants flexibility for her kids | K9: Y | L9: 2026-06-09 | M9: N | U9: Funnel-Call3 | V9: 0 | W9: Offer call scheduled
A10: Sam Carter | B10: IG DM | C10: TX | D10: 2026-05-20 | E10: Y | F10: 2026-05-22 | G10: Y | H10: 2026-05-24 | I10: Y | J10: Laid off, needs a new path | K10: Y | L10: 2026-05-26 | M10: Y | N10: 2026-06-03 | O10: ExamFX | P10: Y | U10: Activation-Study | V10: 0 | W10: Studying, exam 6/15
A11: Bianca Gomez | B11: Podcast | C11: CA | D11: 2026-05-18 | E11: Y | F11: 2026-05-20 | G11: Y | H11: 2026-05-22 | I11: Y | J11: Wants to build something of her own | K11: Y | L11: 2026-05-24 | M11: Y | N11: 2026-06-01 | O11: XCEL | P11: Y | U11: Activation-Study | V11: 0 | W11: CA 12hr ethics done, practice 78%
A12: Robert Pace | B12: Referral – Sam | C12: TX | D12: 2026-05-10 | E12: Y | F12: 2026-05-12 | G12: Y | H12: 2026-05-14 | I12: Y | J12: Tired of a dead-end job | K12: Y | L12: 2026-05-16 | M12: Y | N12: 2026-05-18 | O12: ExamFX | P12: Y | Q12: 2026-05-28 | R12: N | U12: Activation-Contract | V12: 0 | W12: Passed, contracting via SureLC
A13: Jasmine Lee | B13: IG DM | C13: FL | D13: 2026-05-01 | E13: Y | F13: 2026-05-03 | G13: Y | H13: 2026-05-05 | I13: Y | J13: Single mom, wants control of income | K13: Y | L13: 2026-05-07 | M13: Y | N13: 2026-05-09 | O13: ExamFX | P13: Y | Q13: 2026-05-19 | R13: Y | S13: 2026-05-25 | U13: Hell Week | V13: 0 | W13: Hell Week dialing, first sale target
A14: Andre Wilson | B14: Referral – Jane | C14: GA | D14: 2026-04-20 | E14: Y | F14: 2026-04-22 | G14: Y | H14: 2026-04-24 | I14: Y | J14: Wanted out of warehouse work | K14: Y | L14: 2026-04-26 | M14: Y | N14: 2026-04-28 | O14: ExamFX | P14: Y | Q14: 2026-05-06 | R14: Y | S14: 2026-05-12 | T14: 2026-05-15 | U14: Graduated | V14: 0 | W14: First sale day 3 of Hell Week, now 30/60/90
A15: Kyle Morris | B15: TikTok | C15: OH | D15: 2026-05-25 | E15: Y | F15: 2026-05-27 | G15: Y | K15: N | U15: Lost-Declined | V15: 2 | W15: Wouldn't commit to Hell Week, not a fit

Sheet Daily Log
A1: YOUR DAILY OPERATING RHYTHM
A2: Time | B2: Block | C2: What happens
A3: 8:00a | B3: DM Power Hour | C3: Overnight replies first, then new outreach — log every convo
A4: 9:00a | B4: Pipeline sweep | C4: Confirm today's calls, send no-show touches + study check-ins
A5: 10:00a | B5: Call block | C5: Call 1s / 2s / 3s back-to-back — update Pipeline between calls
A6: 1:30p | B6: Your production | C6: Your sales + Hell Week support (new agents never close alone)
A7: 7:00p | B7: Evening sweep | C7: 2nd DM pass (best reply rates), check-in replies, tomorrow's list
A8: 8:00p | B8: Score the day | C8: Fill the row below — 5 minutes
A10: DAILY SCOREBOARD LOG — one row per day
A11: Date | B11: DMs Sent | C11: Replies | D11: Calls Booked | E11: C1 Done | F11: C2 Done | G11: C3 Done | H11: Signed | I11: No-Shows | J11: Exams Sched | K11: Exams Passed | L11: Sales (team) | M11: Sales (you) | N11: Notes
A47: TOTAL | B47: =SUM(B12:B46) | C47: =SUM(C12:C46) | D47: =SUM(D12:D46) | E47: =SUM(E12:E46) | F47: =SUM(F12:F46) | G47: =SUM(G12:G46) | H47: =SUM(H12:H46) | I47: =SUM(I12:I46) | ... M47: =SUM(M12:M46)

Sheet State Lookup
A1: DAY-0 STATE LICENSING LOOKUP
A3: Enter state: | B3: Texas
A5: PLE Hours | B5: =IFERROR(VLOOKUP($B$3,$A$11:$E$61,2,FALSE),"— type a state above —")
A6: Fingerprints | B6: =IFERROR(VLOOKUP($B$3,$A$11:$E$61,3,FALSE),"— type a state above —")
A7: Exam Vendor | B7: =IFERROR(VLOOKUP($B$3,$A$11:$E$61,4,FALSE),"— type a state above —")
A8: Notes | B8: =IFERROR(VLOOKUP($B$3,$A$11:$E$61,5,FALSE),"— type a state above —")
A10: State | B10: Life PLE Hours | C10: Fingerprints | D10: Exam Vendor | E10: Notes (VERIFY = confirm at DOI/NIPR)
A11: Alabama | B11: 0 | C11: VERIFY | D11: State-run (Univ of Alabama) | E11: PLE eliminated Jan 2024
A12: Alaska | B12: 0 | C12: VERIFY | D12: Pearson VUE | E12: No PLE required
A13: Arizona | B13: 0 | C13: Y | D13: Prometric | E13: No PLE required
A14: Arkansas | B14: 0 | C14: VERIFY | D14: Pearson VUE | E14: No PLE required
A15: California | B15: 12 | C15: Y | D15: PSI | E15: 12 hrs Code & Ethics only (AB 943, Jan 2026); PLE eliminated
A16: Colorado | B16: 50 | C16: VERIFY | D16: Pearson VUE | E16: 50 hrs life
A17: Connecticut | B17: 20 | C17: VERIFY | D17: Prometric | E17: 20 hrs life
A18: Delaware | B18: 0 | C18: VERIFY | D18: Pearson VUE | E18: No PLE required
A19: District of Columbia | B19: 0 (VERIFY) | C19: VERIFY | D19: Pearson VUE | E19: Varies - confirm at DOI
A20: Florida | B20: 40 | C20: Y | D20: Pearson VUE | E20: 2-14 life-only=40 hrs; 2-15 Life+Health=60 hrs
A21: Georgia | B21: 8 (VERIFY) | C21: Y | D21: Pearson VUE | E21: Small requirement per 2026 guide - confirm
... A61: Wyoming | B61: 0 (VERIFY) | C61: VERIFY | D61: Pearson VUE | E61: Confirm at DOI
